City_ID,City,Country,Date,Lat,Lng,Max Temp,Humidity,Cloudiness,Wind Speed
0,Atuona,PF,2022-05-18 23:25:09,-9.8,-139.0333,78.78,66,26,15.19
1,Arraial Do Cabo,BR,2022-05-18 23:25:09,-22.9661,-42.0278,69.04,54,0,20.71
2,Vilhena,BR,2022-05-18 23:25:09,-12.7406,-60.1458,61.02,55,0,9.22
3,Fairbanks,US,2022-05-18 23:25:10,64.8378,-147.7164,61.02,34,40,5.75
4,Bluff,NZ,2022-05-18 23:25:10,-46.6,168.3333,50.67,83,79,17.09
5,Albany,US,2022-05-18 23:21:50,42.6001,-73.9662,62.78,38,100,6.6
6,Ajdabiya,LY,2022-05-18 23:22:07,30.7554,20.2263,66.34,76,0,13.0
7,Tilichiki,RU,2022-05-18 23:25:11,60.4667,166.1,34.95,85,100,5.03
8,Kolokani,ML,2022-05-18 23:25:11,13.5728,-8.0339,88.3,10,17,7.25
9,Aklavik,CA,2022-05-18 23:25:11,68.2191,-135.0107,32.0,74,100,10.36
10,Cidreira,BR,2022-05-18 23:25:11,-30.1811,-50.2056,59.95,76,92,21.16
11,Ushuaia,AR,2022-05-18 23:25:12,-54.8,-68.3,40.66,81,75,4.61
12,Rikitea,PF,2022-05-18 23:25:12,-23.1203,-134.9692,76.69,77,41,15.46
13,Busselton,AU,2022-05-18 23:25:12,-33.65,115.3333,60.46,84,77,1.95
14,Khatanga,RU,2022-05-18 23:25:13,71.9667,102.5,32.7,98,100,7.07
15,Thompson,CA,2022-05-18 23:25:13,55.7435,-97.8558,50.16,29,20,10.36
16,Vaini,TO,2022-05-18 23:25:13,-21.2,-175.2,76.37,69,58,17.63
17,Vardo,NO,2022-05-18 23:25:14,70.3705,31.1107,33.78,75,100,20.71
18,Novobiryusinskiy,RU,2022-05-18 23:25:14,56.9578,97.7076,57.54,87,69,2.35
19,Mataura,NZ,2022-05-18 23:25:15,-46.1927,168.8643,50.23,87,70,7.25
20,Punta Arenas,CL,2022-05-18 23:20:17,-53.15,-70.9167,42.91,87,20,5.75
21,Inhambane,MZ,2022-05-18 23:25:15,-23.865,35.3833,69.71,82,10,3.94
22,Hobart,AU,2022-05-18 23:20:30,-42.8794,147.3294,54.01,67,40,23.02
23,Castro,BR,2022-05-18 23:25:15,-24.7911,-50.0119,43.05,92,100,12.37
24,Matagami,CA,2022-05-18 23:25:16,49.7502,-77.6328,57.31,38,75,5.75
25,La Orilla,MX,2022-05-18 23:25:16,17.9833,-102.2333,85.44,43,41,14.32
26,Codrington,AU,2022-05-18 23:25:16,-38.2667,141.9667,55.24,66,52,10.2
27,Tocopilla,CL,2022-05-18 23:25:17,-22.092,-70.1979,61.59,74,100,0.65
28,Bredasdorp,ZA,2022-05-18 23:25:17,-34.5322,20.0403,58.66,79,100,18.14
29,Norman Wells,CA,2022-05-18 23:25:17,65.282,-126.8329,39.24,93,100,13.8
30,Tiksi,RU,2022-05-18 23:25:18,71.6872,128.8694,24.66,92,98,6.2
31,Hermanus,ZA,2022-05-18 23:25:18,-34.4187,19.2345,59.81,76,97,17.67
32,Kapaa,US,2022-05-18 23:25:18,22.0752,-159.319,78.78,93,100,14.97
33,Gloversville,US,2022-05-18 23:20:41,43.0528,-74.3438,61.29,63,97,7.31
34,Hilo,US,2022-05-18 23:25:19,19.7297,-155.09,95.29,74,0,14.97
35,Airai,TL,2022-05-18 23:25:19,-8.9266,125.4092,62.71,86,56,3.42
36,Port Elizabeth,ZA,2022-05-18 23:25:19,-33.918,25.5701,68.31,66,0,8.05
37,Kavaratti,IN,2022-05-18 23:25:20,10.5669,72.642,83.82,79,100,15.82
38,Altay,CN,2022-05-18 23:25:20,47.8667,88.1167,60.48,35,0,6.78
39,Jamestown,US,2022-05-18 23:25:20,42.097,-79.2353,54.01,85,100,4.61
40,Pangnirtung,CA,2022-05-18 23:25:21,66.1451,-65.7125,29.34,87,70,3.22
41,Yellowknife,CA,2022-05-18 23:25:21,62.456,-114.3525,52.32,28,20,17.27
42,Barrow,US,2022-05-18 23:25:21,71.2906,-156.7887,17.62,86,100,18.41
43,Kavieng,PG,2022-05-18 23:25:22,-2.5744,150.7967,83.5,74,6,8.66
44,Bambous Virieux,MU,2022-05-18 23:25:22,-20.3428,57.7575,75.45,69,40,6.91
45,Catamarca,AR,2022-05-18 23:25:22,-28.4696,-65.7852,57.78,47,5,1.01
46,Cape Town,ZA,2022-05-18 23:25:22,-33.9258,18.4232,57.61,95,75,3.44
47,Mar Del Plata,AR,2022-05-18 23:24:41,-38.0023,-57.5575,50.02,74,100,5.75
48,New Norfolk,AU,2022-05-18 23:26:23,-42.7826,147.0587,53.65,65,82,5.01
49,Puerto Baquerizo Moreno,EC,2022-05-18 23:26:23,-0.9,-89.6,73.71,89,92,9.13
50,Acari,PE,2022-05-18 23:26:24,-15.4311,-74.6158,66.2,76,26,3.94
51,Cabo San Lucas,MX,2022-05-18 23:24:49,22.8909,-109.9124,88.9,52,40,17.27
52,Marzuq,YE,2022-05-18 23:26:24,14.4,46.4667,72.03,27,63,2.84
53,Tuktoyaktuk,CA,2022-05-18 23:26:24,69.4541,-133.0374,33.8,86,100,12.66
54,Thabazimbi,ZA,2022-05-18 23:26:25,-24.5917,27.4116,57.02,57,59,1.83
55,Port Lincoln,AU,2022-05-18 23:26:25,-34.7333,135.8667,57.87,65,4,11.43
56,Marawi,PH,2022-05-18 23:26:25,7.9986,124.2928,72.86,88,59,1.07
57,Bethel,US,2022-05-18 23:26:26,41.3712,-73.414,67.03,47,98,1.01
58,Byron Bay,AU,2022-05-18 23:26:26,-28.65,153.6167,64.71,75,100,11.14
59,Kiunga,PG,2022-05-18 23:26:26,-6.1219,141.2906,76.26,93,72,2.8
60,Meulaboh,ID,2022-05-18 23:26:27,4.1363,96.1285,76.05,86,96,3.91
61,Port Alfred,ZA,2022-05-18 23:26:27,-33.5906,26.891,71.01,50,19,10.83
62,Butaritari,KI,2022-05-18 23:26:27,3.0707,172.7902,82.06,71,88,13.49
63,Mahebourg,MU,2022-05-18 23:26:28,-20.4081,57.7,75.49,69,40,6.91
64,Kirya,TZ,2022-05-18 23:26:28,-3.9167,37.4833,63.86,91,66,3.96
65,Remetea Mare,RO,2022-05-18 23:26:28,45.7794,21.3761,50.92,71,0,5.01
66,Aswan,EG,2022-05-18 23:26:28,24.0934,32.907,88.9,9,0,8.05
67,Sinnamary,GF,2022-05-18 23:26:29,5.3833,-52.95,78.3,85,88,8.34
68,Ahipara,NZ,2022-05-18 23:26:29,-35.1667,173.1667,65.91,92,100,15.28
69,Lithgow,AU,2022-05-18 23:26:29,-33.4833,150.15,44.42,61,54,3.18
70,Camabatela,AO,2022-05-18 23:26:30,-8.1881,15.375,62.89,73,23,1.23
71,Saint George,US,2022-05-18 23:25:41,37.1041,-113.5841,98.64,10,0,11.5
72,Mount Gambier,AU,2022-05-18 23:22:22,-37.8333,140.7667,51.84,80,44,1.5
73,Lompoc,US,2022-05-18 23:26:30,34.6391,-120.4579,87.01,60,0,21.99
74,Ribeira Grande,PT,2022-05-18 23:26:31,38.5167,-28.7,60.3,93,85,32.61
75,Vysokogornyy,RU,2022-05-18 23:26:31,50.1167,139.15,41.63,86,75,7.2
76,Kodiak,US,2022-05-18 23:25:14,57.79,-152.4072,62.11,27,0,11.5
77,Bathsheba,BB,2022-05-18 23:26:31,13.2167,-59.5167,81.21,83,20,16.11
78,Esperance,AU,2022-05-18 23:26:32,-33.8667,121.9,59.2,89,76,7.54
79,Dikson,RU,2022-05-18 23:26:32,73.5069,80.5464,31.28,96,100,14.09
80,Longyearbyen,SJ,2022-05-18 23:26:32,78.2186,15.6401,26.44,86,75,3.44
81,Narsaq,GL,2022-05-18 23:26:33,60.9167,-46.05,46.62,81,37,3.24
82,Kyabe,TD,2022-05-18 23:26:33,9.4515,18.9449,80.04,72,99,3.91
83,Zhangye,CN,2022-05-18 23:26:33,38.9342,100.4517,60.75,26,17,4.09
84,Uberlandia,BR,2022-05-18 23:24:04,-18.9186,-48.2772,52.81,58,0,9.22
85,Georgetown,MY,2022-05-18 23:26:34,5.4112,100.3354,80.53,93,20,0.0
86,Oriximina,BR,2022-05-18 23:26:34,-1.7656,-55.8661,76.1,93,86,3.06
87,Ambulu,ID,2022-05-18 23:25:08,-8.345,113.6058,76.33,92,100,1.95
88,Saldanha,ZA,2022-05-18 23:26:35,-33.0117,17.9442,60.85,74,99,12.64
89,Saint-Philippe,RE,2022-05-18 23:26:35,-21.3585,55.7679,67.59,73,66,9.8
90,Marsh Harbour,BS,2022-05-18 23:27:35,26.5412,-77.0636,79.88,72,20,8.37
91,Manuk Mangkaw,PH,2022-05-18 23:27:36,4.8,119.85,83.75,74,74,8.21
92,Mehamn,NO,2022-05-18 23:27:36,71.0357,27.8492,33.71,73,100,15.17
93,Qaanaaq,GL,2022-05-18 23:27:36,77.484,-69.3632,29.88,79,98,2.66
94,Constitucion,CL,2022-05-18 23:25:56,-35.3333,-72.4167,51.93,86,95,4.68
95,Quelimane,MZ,2022-05-18 23:22:51,-17.8786,36.8883,65.77,91,1,1.86
96,Ilave,PE,2022-05-18 23:23:18,-16.0833,-69.6667,43.38,43,97,5.26
97,Pathein,MM,2022-05-18 23:23:27,16.7833,94.7333,79.7,86,97,3.98
98,Aquiraz,BR,2022-05-18 23:27:37,-3.9014,-38.3911,80.69,85,74,6.4
99,Salalah,OM,2022-05-18 23:27:37,17.0151,54.0924,82.49,83,20,3.44
100,Luau,AO,2022-05-18 23:27:38,-10.7073,22.2247,62.74,60,21,5.06
101,Carnarvon,AU,2022-05-18 23:27:38,-24.8667,113.6333,67.93,69,34,7.76
102,La Ligua,CL,2022-05-18 23:27:38,-32.4524,-71.2311,54.64,82,69,7.52
103,Lucapa,AO,2022-05-18 23:27:39,-8.4192,20.7447,70.16,60,78,2.13
104,Faanui,PF,2022-05-18 23:27:39,-16.4833,-151.75,79.27,76,97,7.43
105,Klaksvik,FO,2022-05-18 23:27:39,62.2266,-6.589,47.32,94,65,15.26
106,Torbay,CA,2022-05-18 23:27:40,47.6666,-52.7314,56.17,76,20,11.5
107,Ulaangom,MN,2022-05-18 23:27:40,49.9811,92.0667,60.67,36,1,1.34
108,Avarua,CK,2022-05-18 23:27:40,-21.2078,-159.775,77.7,79,34,15.21
109,Cascais,PT,2022-05-18 23:25:42,38.6979,-9.4215,63.93,59,10,18.01
110,Salgueiro,BR,2022-05-18 23:26:09,-8.0742,-39.1192,82.42,47,81,9.31
111,Teguldet,RU,2022-05-18 23:27:41,57.3064,88.1667,55.02,74,88,4.0
112,Lethem,GY,2022-05-18 23:23:43,3.3803,-59.7968,73.99,92,100,0.74
113,Timra,SE,2022-05-18 23:27:42,62.487,17.3257,46.08,76,100,2.3
114,Chuy,UY,2022-05-18 23:27:42,-33.6971,-53.4616,55.45,81,43,11.86
115,Luderitz,NA,2022-05-18 23:27:42,-26.6481,15.1594,62.29,75,80,6.91
116,Oulainen,FI,2022-05-18 23:27:43,64.2667,24.8,37.81,84,88,4.79
117,Hithadhoo,MV,2022-05-18 23:25:49,-0.6,73.0833,83.48,73,100,13.73
118,Los Llanos De Aridane,ES,2022-05-18 23:27:43,28.6585,-17.9182,65.95,91,0,8.05
119,Meadow Lake,US,2022-05-18 23:27:43,34.8014,-106.5436,91.62,7,4,15.55
120,Muros,ES,2022-05-18 23:27:44,42.7762,-9.0603,56.08,92,65,2.82
121,Victoria,HK,2022-05-18 23:25:27,22.2855,114.1577,77.38,65,100,4.0
122,Katsuura,JP,2022-05-18 23:27:44,35.1333,140.3,66.88,66,0,1.03
123,Laramie,US,2022-05-18 23:27:44,41.3114,-105.5911,73.09,13,0,24.16
124,Alofi,NU,2022-05-18 23:27:45,-19.0595,-169.9187,80.49,74,75,14.97
125,Coracora,PE,2022-05-18 23:27:45,-15.0333,-73.7833,49.91,53,13,2.57
126,Kamaishi,JP,2022-05-18 23:27:45,39.2667,141.8833,63.88,52,1,8.21
127,Piacabucu,BR,2022-05-18 23:27:46,-10.4056,-36.4344,78.98,84,66,12.62
128,Borogontsy,RU,2022-05-18 23:27:46,62.6683,131.1683,46.4,59,76,5.53
129,Nome,US,2022-05-18 23:27:46,64.5011,-165.4064,38.16,93,100,9.22
130,Lebu,CL,2022-05-18 23:27:47,-37.6167,-73.65,52.39,87,100,8.39
131,Boende,CD,2022-05-18 23:27:47,-0.2167,20.8667,73.65,87,100,2.35
132,Sobolevo,RU,2022-05-18 23:24:10,54.4299,31.8996,40.64,89,12,6.44
133,Neuquen,AR,2022-05-18 23:26:07,-38.9516,-68.0591,48.09,66,0,2.3
134,Wanning,CN,2022-05-18 23:27:47,18.8003,110.3967,75.54,91,95,7.07
135,Bani,DO,2022-05-18 23:27:48,18.2833,-70.3333,82.85,80,96,6.15
136,Cherskiy,RU,2022-05-18 23:27:48,68.75,161.3,42.06,86,100,5.08
137,Santa Isabel Do Para,BR,2022-05-18 23:27:48,-1.2986,-48.1606,75.02,97,100,2.51
138,Provideniya,RU,2022-05-18 23:28:49,64.3833,-173.3,33.91,86,100,6.71
139,Asfi,MA,2022-05-18 23:28:49,32.2994,-9.2372,66.58,87,1,14.72
140,Dunedin,NZ,2022-05-18 23:28:50,-45.8742,170.5036,55.0,66,75,1.25
141,Puerto Ayora,EC,2022-05-18 23:28:50,-0.7393,-90.3518,74.55,94,68,1.01
142,Berlevag,NO,2022-05-18 23:25:28,70.8578,29.0864,33.75,86,75,19.57
143,Pampa,US,2022-05-18 23:28:51,35.5362,-100.9599,90.57,33,0,10.36
144,Ambilobe,MG,2022-05-18 23:28:51,-13.2,49.05,67.39,84,11,3.51
145,Severo-Yeniseyskiy,RU,2022-05-18 23:28:51,60.3725,93.0408,47.14,87,9,2.57
146,Wuwei,CN,2022-05-18 23:28:52,37.9281,102.6414,60.46,30,86,3.96
147,Kysyl-Syr,RU,2022-05-18 23:28:52,63.8986,122.7617,45.09,62,15,10.0
148,Ciudad Ojeda,VE,2022-05-18 23:28:52,10.1964,-71.3082,82.56,78,100,3.98
149,Severo-Kurilsk,RU,2022-05-18 23:28:52,50.6789,156.125,46.17,84,84,4.09
150,El Limon,VE,2022-05-18 23:28:53,10.3059,-67.6321,77.76,76,99,1.7
151,Tasiilaq,GL,2022-05-18 23:28:53,65.6145,-37.6368,35.76,93,100,4.21
152,Grindavik,IS,2022-05-18 23:28:53,63.8424,-22.4338,48.15,93,75,6.91
153,Bilibino,RU,2022-05-18 23:28:54,68.0546,166.4372,35.78,100,100,1.81
154,Sao Jose Da Coroa Grande,BR,2022-05-18 23:28:54,-8.8978,-35.1478,79.16,83,52,11.21
155,Kruisfontein,ZA,2022-05-18 23:28:54,-34.0033,24.7314,61.88,71,62,4.59
156,Fortuna,US,2022-05-18 23:28:55,40.5982,-124.1573,66.9,62,0,16.11
157,Saint-Georges,GD,2022-05-18 23:26:14,12.0564,-61.7485,82.08,78,40,18.41
158,Avera,US,2022-05-18 23:28:55,33.194,-82.5271,88.38,35,1,6.89
159,Sur,OM,2022-05-18 23:28:56,22.5667,59.5289,86.72,40,0,12.06
160,Swift Current,CA,2022-05-18 23:25:57,50.2834,-107.8014,63.41,39,20,14.97
161,Raudeberg,NO,2022-05-18 23:28:56,61.9875,5.1352,52.86,75,33,14.09
162,Terrace,CA,2022-05-18 23:28:56,54.5163,-128.6035,49.91,87,100,8.05
163,Yaan,NG,2022-05-18 23:24:54,7.3833,8.5667,77.92,80,96,9.15
164,Darhan,MN,2022-05-18 23:28:57,49.4867,105.9228,61.92,40,13,3.33
165,Springbok,ZA,2022-05-18 23:28:58,-29.6643,17.8865,51.55,76,79,3.56
166,Asyut,EG,2022-05-18 23:28:58,27.181,31.1837,77.18,23,0,7.18
167,Batouri,CM,2022-05-18 23:28:58,4.4333,14.3667,68.5,99,94,1.28
168,Mbandaka,CD,2022-05-18 23:28:59,0.0487,18.2603,72.57,88,81,2.75
169,Nyurba,RU,2022-05-18 23:28:59,63.2842,118.3319,48.29,62,100,9.57
170,Chicama,PE,2022-05-18 23:28:59,-7.8447,-79.1469,63.14,75,96,6.8
171,Semenivka,UA,2022-05-18 23:29:00,52.1783,32.5818,40.95,87,8,8.08
172,Baherden,TM,2022-05-18 23:29:00,38.4362,57.4316,72.36,50,12,2.46
173,Mareeba,AU,2022-05-18 23:29:00,-17.0,145.4333,75.43,81,1,3.53
174,Voznesenskoye,RU,2022-05-18 23:29:01,54.89,42.7569,38.55,96,96,6.71
175,Aden,YE,2022-05-18 23:29:01,12.7794,45.0367,87.62,54,6,3.89
176,Qatana,SY,2022-05-18 23:29:01,33.4354,36.0815,59.43,39,0,1.54
177,Safranbolu,TR,2022-05-18 23:29:02,41.2508,32.6942,47.95,94,100,5.06
178,Bundaberg,AU,2022-05-18 23:29:02,-24.85,152.35,69.31,87,73,11.01
179,Vestmannaeyjar,IS,2022-05-18 23:29:02,63.4427,-20.2734,46.72,85,100,16.42
180,Nikolskoye,RU,2022-05-18 23:29:02,59.7035,30.7861,47.88,85,92,6.15
181,Svetlogorsk,BY,2022-05-18 23:29:03,52.6333,29.7333,42.15,85,24,7.78
182,Sao Felix Do Xingu,BR,2022-05-18 23:29:03,-6.6447,-51.995,74.3,88,100,1.48
183,Kumylzhenskaya,RU,2022-05-18 23:30:04,49.8809,42.5898,51.98,87,100,2.04
184,Muravlenko,RU,2022-05-18 23:30:04,63.7898,74.523,50.99,84,100,10.11
185,Williams Lake,CA,2022-05-18 23:30:05,52.1415,-122.1445,54.05,52,100,9.22
186,Port Blair,IN,2022-05-18 23:28:28,11.6667,92.75,77.04,94,100,11.5
187,Dingle,PH,2022-05-18 23:29:49,10.9995,122.6711,80.44,84,93,4.43
188,Canberra,AU,2022-05-18 23:25:25,-35.2835,149.1281,42.55,92,0,4.61
189,Praia,CV,2022-05-18 23:30:06,14.9215,-23.5087,79.34,47,0,19.57
190,Caravelas,BR,2022-05-18 23:30:07,-17.7125,-39.2481,71.94,80,98,5.64
191,Stepnyak,KZ,2022-05-18 23:30:08,52.8339,70.7803,50.58,63,37,16.37
192,Nanortalik,GL,2022-05-18 23:30:08,60.1432,-45.2371,36.43,86,19,6.2
193,Chingirlau,KZ,2022-05-18 23:30:09,51.095,54.0814,45.16,92,36,7.36
194,Sitka,US,2022-05-18 23:30:10,57.0531,-135.33,57.09,44,75,3.44
195,Saskylakh,RU,2022-05-18 23:30:11,71.9167,114.0833,21.76,93,59,10.25
196,Casablanca,MA,2022-05-18 23:30:11,33.5928,-7.6192,69.33,77,19,8.99
197,Makakilo City,US,2022-05-18 23:30:11,21.3469,-158.0858,79.12,77,75,13.8
198,Vanimo,PG,2022-05-18 23:30:12,-2.6741,141.3028,84.81,68,11,5.66
199,Calama,CL,2022-05-18 23:30:12,-22.4667,-68.9333,57.69,6,0,11.5
200,Sakakah,SA,2022-05-18 23:30:12,29.9697,40.2064,83.77,12,28,7.63
201,Abbeville,FR,2022-05-18 23:30:13,50.1,1.8333,68.49,94,100,8.93
202,Champerico,GT,2022-05-18 23:30:13,14.3,-91.9167,81.14,68,97,7.76
203,Lata,PT,2022-05-18 23:30:13,40.1629,-8.3327,51.35,91,8,1.5
204,Mahbubabad,IN,2022-05-18 23:30:13,17.6167,80.0167,81.77,81,100,3.27
205,Loa Janan,ID,2022-05-18 23:30:14,-0.583,117.095,77.22,96,95,1.01
206,Chokurdakh,RU,2022-05-18 23:30:14,70.6333,147.9167,30.54,91,100,6.33
207,Fredericksburg,US,2022-05-18 23:26:30,38.3032,-77.4605,72.01,62,40,4.61
208,Atambua,ID,2022-05-18 23:30:15,-9.1061,124.8925,78.01,74,47,4.07
209,Cayenne,GF,2022-05-18 23:30:07,4.9333,-52.3333,81.09,1,40,2.3
210,Sungurlare,BG,2022-05-18 23:30:16,42.7667,26.7833,47.57,73,6,6.96
211,Athabasca,CA,2022-05-18 23:25:59,54.7169,-113.2854,52.21,50,100,7.2
212,Vana-Vigala,EE,2022-05-18 23:30:16,58.7806,24.2522,48.88,77,100,6.89
213,Moyeuvre-Grande,FR,2022-05-18 23:30:17,49.2517,6.0475,70.21,79,88,5.97
214,Goderich,CA,2022-05-18 23:30:07,43.7501,-81.7165,55.72,67,100,8.05
215,Clyde River,CA,2022-05-18 23:30:17,70.4692,-68.5914,25.03,93,100,4.61
216,Bima,ID,2022-05-18 23:30:18,-8.4667,118.7167,80.04,84,71,1.52
217,Riosucio,CO,2022-05-18 23:29:37,5.4216,-75.7032,61.63,99,100,1.66
218,Havelock,US,2022-05-18 23:29:32,34.8791,-76.9013,75.96,67,0,8.05
219,Mao,ES,2022-05-18 23:30:18,39.8885,4.2658,64.96,94,0,5.75
220,Pascagoula,US,2022-05-18 23:30:19,30.3658,-88.5561,88.52,71,0,4.61
221,Porto Murtinho,BR,2022-05-18 23:30:19,-21.6989,-57.8825,51.06,59,63,4.94
222,Bitam,GA,2022-05-18 23:30:19,2.076,11.5007,69.96,99,100,2.42
223,Xuddur,SO,2022-05-18 23:30:20,4.1213,43.8894,72.0,77,76,17.63
224,Mnogovershinnyy,RU,2022-05-18 23:30:20,53.9353,139.9242,38.95,76,93,3.87
225,Kamarion,GR,2022-05-18 23:30:20,36.8,25.8167,65.08,88,1,25.34
226,Hamilton,US,2022-05-18 23:30:21,39.1834,-84.5333,65.98,93,100,3.44
227,Kaitangata,NZ,2022-05-18 23:31:21,-46.2817,169.8464,53.29,75,72,6.98
228,Chepareria,KE,2022-05-18 23:31:22,1.3077,35.2039,61.59,83,100,3.18
229,Boca Do Acre,BR,2022-05-18 23:29:57,-8.7522,-67.3978,67.62,68,74,3.31
230,Oranjemund,NA,2022-05-18 23:31:22,-28.55,16.4333,58.42,94,68,4.54
231,Harper,LR,2022-05-18 23:31:22,4.375,-7.7169,78.31,86,68,6.13
232,Nokaneng,BW,2022-05-18 23:31:23,-19.6667,22.2667,60.39,52,35,5.79
233,Sandpoint,US,2022-05-18 23:31:23,48.2766,-116.5533,55.85,87,75,5.75
234,Sibolga,ID,2022-05-18 23:31:23,1.7427,98.7792,76.93,81,73,3.29
235,Kemijarvi,FI,2022-05-18 23:31:23,66.7131,27.4306,29.75,90,10,4.7
236,Leningradskiy,RU,2022-05-18 23:31:24,69.3833,178.4167,34.7,99,100,2.28
237,Zenzeli,RU,2022-05-18 23:31:24,45.9241,47.0474,59.4,77,93,5.01
238,Rawson,AR,2022-05-18 23:31:24,-43.3002,-65.1023,54.21,31,69,20.74
239,Tebingtinggi,ID,2022-05-18 23:31:25,3.3285,99.1625,75.42,95,98,1.95
240,Okato,NZ,2022-05-18 23:31:25,-39.2,173.8833,67.51,95,78,14.0
241,Soure,BR,2022-05-18 23:31:25,-0.7167,-48.5233,77.29,91,100,6.51
242,Santa Cruz,BO,2022-05-18 23:31:26,-17.8,-63.1667,62.65,51,29,6.91
243,Bereda,ES,2022-05-18 23:31:26,43.2686,-7.5406,58.41,86,93,1.9
244,Half Moon Bay,US,2022-05-18 23:30:07,37.4636,-122.4286,90.03,61,0,27.63
245,San Patricio,US,2022-05-18 23:31:26,28.017,-97.5169,89.55,54,54,18.61
246,Ngunguru,NZ,2022-05-18 23:31:27,-35.6167,174.5,64.85,89,100,15.41
247,Njombe,TZ,2022-05-18 23:31:27,-9.3333,34.7667,46.62,96,93,4.38
248,Tura,IN,2022-05-18 23:31:28,25.5198,90.2201,68.11,95,33,4.38
249,Maldonado,UY,2022-05-18 23:31:28,-34.6667,-54.9167,55.22,72,85,9.78
250,Minna,NG,2022-05-18 23:31:28,9.6139,6.5569,81.25,59,100,8.05
251,Vila Velha,BR,2022-05-18 23:27:45,-20.3297,-40.2925,69.75,35,0,4.61
252,Bumba,CD,2022-05-18 23:31:29,2.1833,22.4667,71.49,96,97,0.56
253,Antofagasta,CL,2022-05-18 23:29:02,-23.65,-70.4,60.08,82,97,1.3
254,Noyabrsk,RU,2022-05-18 23:31:29,63.1994,75.4507,52.41,88,100,10.58
255,Harnoli,PK,2022-05-18 23:31:30,32.2792,71.5539,87.15,16,0,6.93
256,Susanville,US,2022-05-18 23:31:20,40.4163,-120.653,84.04,20,0,7.0
257,Zhicheng,CN,2022-05-18 23:31:30,30.2956,111.5047,60.73,91,100,0.87
258,Cassilandia,BR,2022-05-18 23:31:31,-19.1133,-51.7342,50.41,64,74,5.26
259,Auki,SB,2022-05-18 23:31:31,-8.7676,160.7034,85.44,66,1,3.62
260,Husavik,IS,2022-05-18 23:31:31,66.0449,-17.3389,41.27,97,100,5.37
261,Gawler,AU,2022-05-18 23:31:32,-34.6,138.7333,59.23,88,17,8.16
262,Tecpan,GT,2022-05-18 23:31:32,14.7623,-90.9947,60.62,87,100,2.19
263,Eseka,CM,2022-05-18 23:31:32,3.65,10.7667,73.02,100,89,1.07
264,Batagay,RU,2022-05-18 23:31:32,67.6333,134.6333,42.21,60,55,4.59
265,Geraldton,AU,2022-05-18 23:31:28,-28.7667,114.6,61.21,88,75,9.22
266,Cheyenne,US,2022-05-18 23:31:33,41.14,-104.8203,77.32,9,0,18.41
267,Coquimbo,CL,2022-05-18 23:31:33,-29.9533,-71.3436,55.13,87,100,5.75
268,Upernavik,GL,2022-05-18 23:31:33,72.7868,-56.1549,22.64,92,7,7.83
269,Ambon,ID,2022-05-18 23:31:34,-3.6954,128.1814,80.74,83,20,1.14
270,Sauda,NO,2022-05-18 23:31:34,59.6506,6.3542,51.67,87,63,5.77
271,Sorong,ID,2022-05-18 23:31:34,-0.8833,131.25,81.12,80,97,4.23
272,Loviisa,FI,2022-05-18 23:31:35,60.4566,26.2251,49.28,59,100,4.14
273,Jaunjelgava,LV,2022-05-18 23:31:35,56.6167,25.0833,38.64,74,71,5.73
274,Ilulissat,GL,2022-05-18 23:32:36,69.2167,-51.1,32.02,86,3,0.0
275,Aljezur,PT,2022-05-18 23:32:36,37.3191,-8.8033,60.42,78,22,10.29
276,San Matias,BO,2022-05-18 23:32:36,-16.3667,-58.4,56.59,33,35,5.12
277,Mackay,AU,2022-05-18 23:30:11,-21.15,149.2,74.68,71,27,14.29
278,Salina,US,2022-05-18 23:30:05,38.8403,-97.6114,89.02,42,0,6.91
279,Toba Tek Singh,PK,2022-05-18 23:32:37,30.9743,72.4827,89.11,16,0,7.54
280,Beringovskiy,RU,2022-05-18 23:32:37,63.05,179.3167,40.14,78,100,8.28
281,Padang,ID,2022-05-18 23:32:38,-0.9492,100.3543,69.85,72,71,4.14
282,Pochutla,MX,2022-05-18 23:32:38,15.7432,-96.4661,87.62,52,76,8.08
283,Concepcion,CL,2022-05-18 23:32:38,-36.827,-73.0498,51.6,82,100,6.91
284,Podares,MK,2022-05-18 23:32:39,41.6139,22.5422,47.7,77,6,3.6
285,Sirajganj,BD,2022-05-18 23:32:39,24.45,89.7167,81.91,88,11,12.12
286,Assiniboia,CA,2022-05-18 23:32:39,49.6334,-105.9845,62.42,29,51,5.75
287,Petropavlovsk-Kamchatskiy,RU,2022-05-18 23:30:48,53.0452,158.6483,55.99,54,20,6.71
288,Windhoek,NA,2022-05-18 23:31:06,-22.5594,17.0832,55.6,44,33,4.61
289,Kambove,CD,2022-05-18 23:32:40,-10.8764,26.5969,62.44,70,80,2.93
290,Koslan,RU,2022-05-18 23:32:41,63.4564,48.8989,31.87,84,97,3.18
291,Tarko-Sale,RU,2022-05-18 23:32:42,64.9225,77.785,44.47,80,86,16.67
292,Kawalu,ID,2022-05-18 23:32:42,-7.3817,108.2082,74.52,89,91,1.52
293,Guiratinga,BR,2022-05-18 23:32:43,-16.3494,-53.7583,51.12,47,48,3.58
294,Lakheri,IN,2022-05-18 23:32:43,25.6667,76.1667,87.42,21,0,3.2
295,Mitchell,US,2022-05-18 23:32:44,43.7094,-98.0298,75.18,38,20,13.8
296,Iqaluit,CA,2022-05-18 23:32:44,63.7506,-68.5145,26.33,86,100,11.5
297,Yarumal,CO,2022-05-18 23:32:44,6.9632,-75.4174,54.84,99,100,0.65
298,Gingoog,PH,2022-05-18 23:32:45,8.8243,125.1042,84.16,71,62,3.62
299,Port Victoria,KE,2022-05-18 23:32:45,0.0939,33.9756,68.04,83,100,9.71
300,Stoughton,US,2022-05-18 23:32:46,42.1251,-71.1023,69.12,32,0,4.61
301,Semme,FR,2022-05-18 23:32:46,46.1963,1.5007,72.01,76,56,5.44
302,Timbo,BR,2022-05-18 23:32:46,-26.8233,-49.2717,61.92,66,91,10.02
303,Peterhead,GB,2022-05-18 23:32:46,57.5058,-1.7981,52.2,90,100,24.18
304,Nuevo Progreso,MX,2022-05-18 23:32:47,23.1667,-97.95,84.54,64,86,11.63
305,Paidha,UG,2022-05-18 23:32:47,2.4167,30.9855,62.02,80,93,4.47
306,Tuatapere,NZ,2022-05-18 23:32:48,-46.1333,167.6833,51.76,74,52,12.64
307,Bangkalan,ID,2022-05-18 23:32:48,-7.0455,112.7351,80.55,87,100,5.41
308,Touros,BR,2022-05-18 23:32:48,-5.1989,-35.4608,79.25,85,11,8.39
309,Aktau,KZ,2022-05-18 23:32:49,43.65,51.2,55.98,58,13,3.98
310,Gweta,BW,2022-05-18 23:32:49,-20.1833,25.2333,64.06,47,79,6.46
311,Korfovskiy,RU,2022-05-18 23:32:49,48.2183,135.0564,51.26,51,97,13.51
312,Nizwa,OM,2022-05-18 23:32:50,22.9333,57.5333,82.06,20,0,0.63
313,Camacha,PT,2022-05-18 23:32:50,33.0833,-16.3333,63.82,88,75,8.05
314,Obidos,BR,2022-05-18 23:32:50,-1.9175,-55.5181,75.13,95,79,3.29
315,Peniche,PT,2022-05-18 23:32:51,39.3558,-9.3811,60.3,88,8,12.12
316,Baruun-Urt,MN,2022-05-18 23:32:51,46.6806,113.2792,64.26,28,4,4.92
317,Kashiwazaki,JP,2022-05-18 23:32:51,37.3667,138.55,73.89,43,5,3.15
318,Esmeraldas,BR,2022-05-18 23:32:51,-19.7625,-44.3139,52.84,58,0,5.01
319,Roald,NO,2022-05-18 23:32:52,62.5833,6.1333,54.16,81,12,4.61
320,Namatanai,PG,2022-05-18 23:33:52,-3.6667,152.4333,83.14,75,8,3.98
321,Ucluelet,CA,2022-05-18 23:33:52,48.9329,-125.5528,50.09,84,92,5.99
322,Wilmington,US,2022-05-18 23:30:08,34.2257,-77.9447,80.01,48,35,5.01
323,Timizart,DZ,2022-05-18 23:33:53,36.8,4.2667,65.3,44,8,7.18
324,Denpasar,ID,2022-05-18 23:33:53,-8.65,115.2167,78.46,94,20,5.75
325,Omsukchan,RU,2022-05-18 23:33:54,62.5333,155.8,33.42,87,89,7.05
326,Vicuna,CL,2022-05-18 23:33:54,-30.0319,-70.7081,47.93,52,67,2.48
327,Along,IN,2022-05-18 23:33:54,28.1667,94.7667,69.17,99,97,0.85
328,Muramatsu,JP,2022-05-18 23:33:55,37.6833,139.1833,73.22,32,3,2.15
329,Trinidad,BO,2022-05-18 23:33:55,-14.8333,-64.9,67.98,56,96,3.44
330,Guerrero Negro,MX,2022-05-18 23:33:19,27.9769,-114.0611,65.84,61,0,16.08
331,Hobyo,SO,2022-05-18 23:33:55,5.3505,48.5268,79.63,79,86,21.9
332,Ilam,NP,2022-05-18 23:33:56,26.9167,87.9167,65.19,81,13,5.17
333,Inirida,CO,2022-05-18 23:33:56,3.8653,-67.9239,72.63,99,100,3.27
334,Charleston,US,2022-05-18 23:33:56,32.7766,-79.9309,82.58,72,0,13.8
335,Ladario,BR,2022-05-18 23:33:57,-19.0047,-57.6017,53.2,46,20,3.76
336,Teya,RU,2022-05-18 23:33:57,60.3778,92.6267,54.07,76,9,2.39
337,Umm Lajj,SA,2022-05-18 23:33:57,25.0213,37.2685,80.31,64,0,8.03
338,Olinda,BR,2022-05-18 23:33:58,-8.0089,-34.8553,82.13,78,20,4.61
339,Deputatskiy,RU,2022-05-18 23:33:58,69.3,139.9,27.23,94,97,3.31
340,Karratha,AU,2022-05-18 23:33:58,-20.7377,116.8463,73.17,79,0,9.51
341,Srednekolymsk,RU,2022-05-18 23:33:58,67.45,153.6833,46.47,58,51,8.01
342,Trairi,BR,2022-05-18 23:31:58,-3.2778,-39.2689,78.49,89,96,6.29
343,Bandarbeyla,SO,2022-05-18 23:33:59,9.4942,50.8122,82.15,70,37,19.66
344,Yantal,RU,2022-05-18 23:33:59,56.8471,105.2542,60.58,74,85,9.28
345,Pringsewu,ID,2022-05-18 23:33:59,-5.3582,104.9744,76.03,94,73,3.31
346,Port Hedland,AU,2022-05-18 23:33:07,-20.3167,118.5667,69.85,100,7,6.91
347,Palmer,US,2022-05-18 23:34:00,42.1584,-72.3287,69.35,22,100,13.8
348,Salinas,US,2022-05-18 23:34:00,36.6777,-121.6555,93.56,46,0,13.8
349,Vila Franca Do Campo,PT,2022-05-18 23:34:00,37.7167,-25.4333,63.19,96,100,23.0
350,Oktyabrskoye,RU,2022-05-18 23:34:01,43.0645,44.7417,44.74,93,5,4.47
351,East London,ZA,2022-05-18 23:34:01,-33.0153,27.9116,75.09,38,3,11.65
352,Craig,US,2022-05-18 23:34:01,40.5153,-107.5464,73.35,18,0,4.61
353,Hasaki,JP,2022-05-18 23:34:02,35.7333,140.8333,68.4,58,0,2.91
354,Parchim,DE,2022-05-18 23:34:02,53.4263,11.8488,64.09,87,62,7.96
355,Awjilah,LY,2022-05-18 23:34:02,29.1081,21.2869,68.86,54,0,12.95
356,Bengkulu,ID,2022-05-18 23:34:03,-3.8004,102.2655,76.26,86,27,3.78
357,Maceio,BR,2022-05-18 23:32:47,-9.6658,-35.7353,76.44,88,0,5.75
358,Kropotkin,RU,2022-05-18 23:34:03,45.4375,40.5756,52.63,95,93,10.31
359,Saint-Jerome,CA,2022-05-18 23:31:14,45.7804,-74.0036,61.61,36,20,5.75
360,Naas,IE,2022-05-18 23:34:04,53.2158,-6.6669,52.43,82,20,21.85
361,Rio Grande,BR,2022-05-18 23:34:04,-32.035,-52.0986,55.51,70,62,19.19
362,Ust-Ishim,RU,2022-05-18 23:34:04,57.6935,71.1665,52.88,79,95,4.72
363,Rio Gallegos,AR,2022-05-18 23:34:05,-51.6226,-69.2181,39.25,93,0,2.3
364,Bajil,YE,2022-05-18 23:34:05,15.0584,43.2851,87.24,49,13,2.28
365,Walvis Bay,NA,2022-05-18 23:34:05,-22.9575,14.5053,60.1,94,26,3.44
366,Garowe,SO,2022-05-18 23:35:05,8.4054,48.4845,78.67,61,54,20.29
367,Saint Anthony,US,2022-05-18 23:35:06,45.0205,-93.218,73.29,49,0,18.41
368,Ancud,CL,2022-05-18 23:35:06,-41.8697,-73.8203,49.69,79,100,3.06
369,Santa Maria,BR,2022-05-18 23:35:06,-29.6842,-53.8069,56.5,77,75,3.44
370,Obanazawa,JP,2022-05-18 23:35:07,38.6033,140.4019,59.16,36,18,2.57
371,Alvorada,BR,2022-05-18 23:35:07,-12.48,-49.1247,68.49,31,40,8.16
372,Sao Filipe,CV,2022-05-18 23:35:08,14.8961,-24.4956,76.35,68,99,6.71
373,Jiuquan,CN,2022-05-18 23:35:08,39.7432,98.5174,67.87,26,44,2.39
374,Mildura,AU,2022-05-18 23:30:39,-34.2,142.15,53.67,60,94,9.13
375,Novopokrovka,UA,2022-05-18 23:35:08,49.8425,36.5477,46.06,89,75,11.65
376,Kampong Thum,KH,2022-05-18 23:35:09,12.7111,104.8887,76.42,94,100,7.29
377,Ostrovnoy,RU,2022-05-18 23:35:09,68.0531,39.5131,32.04,88,100,8.86
378,Mumbwa,ZM,2022-05-18 23:35:09,-14.9783,27.0619,61.18,69,75,3.47
379,Kelcyre,AL,2022-05-18 23:35:10,40.3131,20.1894,55.44,80,3,7.63
380,Lampazos De Naranjo,MX,2022-05-18 23:35:10,27.0167,-100.5167,100.08,20,9,17.6
381,Ponta Do Sol,PT,2022-05-18 23:35:10,32.6667,-17.1,68.72,79,48,4.25
382,Puerto Ayacucho,VE,2022-05-18 23:35:11,5.6639,-67.6236,73.89,96,100,6.11
383,Lorengau,PG,2022-05-18 23:35:11,-2.0226,147.2712,85.77,68,13,6.33
384,Sayan,PE,2022-05-18 23:35:11,-11.1361,-77.1933,68.56,73,70,2.35
385,Mayumba,GA,2022-05-18 23:35:12,-3.432,10.6554,78.01,84,85,7.76
386,Chimbote,PE,2022-05-18 23:35:12,-9.0853,-78.5783,64.99,88,94,7.45
387,Zanesville,US,2022-05-18 23:35:12,39.9404,-82.0132,64.99,93,100,0.0
388,Saint-Michel-Des-Saints,CA,2022-05-18 23:35:13,46.6834,-73.9159,48.96,61,41,3.89
389,Puerto Madryn,AR,2022-05-18 23:33:18,-42.7692,-65.0385,54.14,33,67,25.68
390,Eureka,US,2022-05-18 23:35:13,40.8021,-124.1637,67.17,67,95,10.0
391,Alcudia,ES,2022-05-18 23:35:13,39.8532,3.1214,71.2,76,18,7.29
392,Kieta,PG,2022-05-18 23:35:14,-6.2167,155.6333,85.87,64,16,3.78
393,Gisborne,NZ,2022-05-18 23:35:14,-38.6533,178.0042,69.6,69,67,9.78
394,Takahagi,JP,2022-05-18 23:34:14,36.7167,140.7167,72.09,49,0,4.61
395,Port-Gentil,GA,2022-05-18 23:35:14,-0.7193,8.7815,80.56,89,75,10.36
396,Nara,JP,2022-05-18 23:35:15,34.6851,135.8049,68.5,43,9,2.86
397,Zyryanka,RU,2022-05-18 23:35:15,65.75,150.85,43.9,61,34,0.34
398,Tabory,RU,2022-05-18 23:35:15,58.5198,64.5495,47.44,91,100,3.94
399,Eyl,SO,2022-05-18 23:35:16,7.9803,49.8164,81.75,66,50,18.52
400,Novyy Urgal,RU,2022-05-18 23:35:16,51.0736,132.5642,55.81,60,78,7.83
401,Dwarka,IN,2022-05-18 23:35:16,22.2394,68.9678,81.23,78,0,15.79
402,Bairiki,KI,2022-05-18 23:35:17,1.3292,172.9752,84.2,74,20,4.61
403,Jieshi,CN,2022-05-18 23:35:17,22.8134,115.8257,75.94,70,98,12.44
404,Cajazeiras,BR,2022-05-18 23:32:17,-6.8903,-38.5553,75.99,65,64,3.4
405,Washington,US,2022-05-18 23:31:35,47.5001,-120.5015,61.2,32,51,12.64
406,Mandalgovi,MN,2022-05-18 23:34:32,45.7625,106.2708,59.47,35,29,13.71
407,Arlit,NE,2022-05-18 23:35:18,18.7369,7.3853,85.71,13,0,8.19
408,Creel,MX,2022-05-18 23:35:18,27.75,-107.6333,72.82,15,0,16.08
409,Batemans Bay,AU,2022-05-18 23:35:19,-35.7167,150.1833,54.1,48,0,2.73
410,Laguna,US,2022-05-18 23:32:15,38.421,-121.4238,99.14,19,0,19.57
411,Kukushtan,RU,2022-05-18 23:35:19,57.6464,56.4952,42.42,93,86,6.64
412,Kvitok,RU,2022-05-18 23:35:19,56.0724,98.4813,63.55,71,98,6.11
413,Anshun,CN,2022-05-18 23:35:20,26.25,105.9333,54.93,93,100,6.55
414,Adiake,CI,2022-05-18 23:35:20,5.2863,-3.304,78.42,88,80,7.92
415,Orcopampa,PE,2022-05-18 23:36:20,-15.2661,-72.3417,47.93,44,83,4.76
416,College,US,2022-05-18 23:36:21,64.8569,-147.8028,61.23,34,75,5.75
417,Nuuk,GL,2022-05-18 23:36:21,64.1835,-51.7216,41.61,70,0,2.3
418,Paragominas,BR,2022-05-18 23:35:41,-2.9667,-47.4833,72.91,98,92,1.16
419,Souillac,MU,2022-05-18 23:36:22,-20.5167,57.5167,75.58,69,40,6.91
420,Zhezkazgan,KZ,2022-05-18 23:36:22,47.8043,67.7144,53.76,55,31,7.47
421,Sheridan,US,2022-05-18 23:35:29,44.8333,-106.9173,70.18,35,0,8.05
422,Skibbereen,IE,2022-05-18 23:36:23,51.55,-9.2667,53.11,81,3,13.11
423,Aksu,CN,2022-05-18 23:36:23,41.1231,80.2644,69.06,28,41,7.58
424,Tabas,IR,2022-05-18 23:36:23,33.5959,56.9244,76.1,18,0,3.27
425,Bonthe,SL,2022-05-18 23:36:24,7.5264,-12.505,79.34,87,41,7.38
426,San Rafael,AR,2022-05-18 23:36:24,-34.6177,-68.3301,50.2,33,6,10.09
427,Police,PL,2022-05-18 23:36:24,53.5521,14.5718,57.24,58,24,7.87
428,Saint-Pierre,RE,2022-05-18 23:36:25,-21.3393,55.4781,67.91,68,0,6.91
429,Nantucket,US,2022-05-18 23:36:25,41.2835,-70.0995,62.74,66,0,13.8
430,Vao,NC,2022-05-18 23:36:25,-22.6667,167.4833,75.47,81,21,18.03
431,Yabrud,SY,2022-05-18 23:36:26,33.9674,36.6574,56.82,50,0,1.23
432,Balkanabat,TM,2022-05-18 23:36:26,39.5108,54.3671,73.44,48,7,4.03
433,Kamenka,RU,2022-05-18 23:36:26,51.3223,42.7678,43.93,92,4,6.11
434,Sunbury,AU,2022-05-18 23:31:27,-37.5833,144.7333,51.71,82,49,3.0
435,Chapais,CA,2022-05-18 23:32:47,49.7834,-74.8492,49.78,66,81,2.01
436,Whitehorse,CA,2022-05-18 23:32:37,60.7161,-135.0538,54.01,27,75,6.91
437,Hellvik,NO,2022-05-18 23:36:27,59.9156,5.781,51.76,90,52,4.52
438,Sept-Iles,CA,2022-05-18 23:36:27,50.2001,-66.3821,43.32,59,40,21.85
439,Finschhafen,PG,2022-05-18 23:36:28,-6.6024,147.8681,84.56,67,19,5.82
440,Ulladulla,AU,2022-05-18 23:36:28,-35.35,150.4667,57.04,50,0,3.09
441,Oktyabrskiy,RU,2022-05-18 23:36:28,54.4815,53.471,40.28,91,99,11.74
442,Coihaique,CL,2022-05-18 23:36:29,-45.5752,-72.0662,34.41,93,0,3.44
443,Kiboga,UG,2022-05-18 23:36:29,0.9161,31.7742,63.75,88,100,1.88
444,Baykit,RU,2022-05-18 23:36:30,61.67,96.37,52.11,73,67,11.01
445,Bauchi,NG,2022-05-18 23:36:30,10.5,10.0,79.18,62,64,4.18
446,Usogorsk,RU,2022-05-18 23:36:30,63.4106,48.6872,31.5,84,92,3.15
447,Goma,CD,2022-05-18 23:36:31,-1.6792,29.2228,61.66,90,87,3.15
448,Nichinan,JP,2022-05-18 23:36:31,31.6,131.3667,64.08,51,100,2.8
449,Ust-Tsilma,RU,2022-05-18 23:36:32,65.441,52.1498,34.3,82,100,3.2
450,Otradnoye,RU,2022-05-18 23:36:32,59.7775,30.8181,47.03,89,94,3.69
451,Katobu,ID,2022-05-18 23:36:32,-4.9408,122.5276,79.52,84,95,3.4
452,Pitogo,PH,2022-05-18 23:36:32,13.7847,122.0881,80.08,83,100,4.41
453,Carutapera,BR,2022-05-18 23:36:33,-1.195,-46.02,76.05,94,92,4.68
454,Lasa,IT,2022-05-18 23:36:33,46.6166,10.7002,63.48,97,53,2.44
455,Khandyga,RU,2022-05-18 23:36:33,62.6667,135.6,37.87,96,100,3.96
456,San Policarpo,PH,2022-05-18 23:36:34,12.1791,125.5072,81.91,83,45,7.96
457,Cumana,VE,2022-05-18 23:36:34,10.4635,-64.1775,80.37,78,99,12.82
458,Jalu,LY,2022-05-18 23:36:34,29.0331,21.5482,69.4,51,0,13.27
459,Tselinnoye,RU,2022-05-18 23:36:35,53.0833,85.6667,64.51,56,97,6.06
460,Mersing,MY,2022-05-18 23:36:35,2.4312,103.8405,76.91,94,20,4.61
461,Beeville,US,2022-05-18 23:37:35,28.4008,-97.7483,93.29,51,0,16.11
462,Teresina,BR,2022-05-18 23:37:36,-5.0892,-42.8019,83.91,79,0,5.75
463,Luanda,AO,2022-05-18 23:37:36,-8.8368,13.2343,73.31,89,0,6.38
464,Masyaf,SY,2022-05-18 23:37:36,35.0653,36.3406,59.88,60,0,3.87
465,Chama,CH,2022-05-18 23:37:37,47.1821,8.4636,66.36,82,23,2.3
466,Lingao,CN,2022-05-18 23:37:37,19.9103,109.6859,75.94,86,67,8.03
467,Kenai,US,2022-05-18 23:35:20,60.5544,-151.2583,63.03,33,0,16.11
468,Brae,GB,2022-05-18 23:37:38,60.3964,-1.353,49.86,87,80,16.73
469,Loandjili,CG,2022-05-18 23:37:38,-4.7561,11.8578,76.95,88,20,6.42
470,San Lorenzo,PY,2022-05-18 23:37:38,-25.3333,-57.5333,56.34,67,75,6.91
471,Perth,AU,2022-05-18 23:37:38,-31.9333,115.8333,51.98,100,20,6.91
472,Asau,RO,2022-05-18 23:37:39,46.4333,26.4,49.12,75,66,5.46
473,Whitianga,NZ,2022-05-18 23:37:39,-36.8333,175.7,64.31,95,96,15.23
474,Manjacaze,MZ,2022-05-18 23:37:40,-24.7117,33.8828,62.51,94,5,4.32
475,Tshane,BW,2022-05-18 23:37:40,-24.0196,21.8684,59.22,47,40,10.74
476,Eenhana,NA,2022-05-18 23:37:40,-17.4667,16.3333,56.97,44,0,6.8
477,Payo,ID,2022-05-18 23:37:41,-3.7508,103.6372,73.2,96,15,1.32
478,Flin Flon,CA,2022-05-18 23:37:41,54.7682,-101.865,60.64,33,75,5.75
479,Wajima,JP,2022-05-18 23:37:41,37.4,136.9,70.48,49,0,6.91
480,Kermanshah,IR,2022-05-18 23:37:42,34.3142,47.065,58.1,31,0,0.0
481,Iberia,US,2022-05-18 23:37:42,29.9502,-91.7507,87.87,61,0,12.66
482,Silver City,US,2022-05-18 23:37:42,32.7701,-108.2803,84.31,11,0,8.99
483,Olafsvik,IS,2022-05-18 23:37:42,64.8945,-23.7142,44.71,93,100,13.38
484,Ust-Kulom,RU,2022-05-18 23:37:43,61.6864,53.6902,33.8,82,100,5.03
485,Port Macquarie,AU,2022-05-18 23:37:43,-31.4333,152.9167,61.9,54,28,7.92
486,Dubna,RU,2022-05-18 23:37:43,56.7333,37.1667,38.88,91,89,7.7
487,Khilok,RU,2022-05-18 23:37:44,51.3674,110.4676,63.57,38,32,3.85
488,Esfahan,IR,2022-05-18 23:37:44,32.6572,51.6776,58.64,20,0,2.3
489,Bruchsal,DE,2022-05-18 23:37:44,49.1281,8.5836,73.17,70,18,6.76
490,Manbij,SY,2022-05-18 23:37:45,36.5281,37.9549,66.11,59,0,6.87
491,Comodoro Rivadavia,AR,2022-05-18 23:37:45,-45.8667,-67.5,39.06,75,0,6.91
492,Kabalo,CD,2022-05-18 23:37:46,-6.05,26.9167,70.32,76,98,3.69
493,Lima,PE,2022-05-18 23:32:49,-12.0432,-77.0282,61.05,82,0,8.05
494,Del Rio,US,2022-05-18 23:36:36,29.3627,-100.8968,100.42,28,0,9.22
495,Bondo,CD,2022-05-18 23:37:46,3.8146,23.6866,69.51,99,95,0.45
496,Moron,AR,2022-05-18 23:37:47,-34.6534,-58.6198,53.35,69,0,3.65
497,Constantine,DZ,2022-05-18 23:37:47,36.365,6.6147,63.81,77,0,3.44
498,Aberfeldy,GB,2022-05-18 23:37:48,56.62,-3.8645,54.1,93,100,15.08
499,Teterow,DE,2022-05-18 23:37:48,53.7833,12.5667,62.76,85,64,8.5
500,Burgeo,CA,2022-05-18 23:37:48,47.6167,-57.6152,44.44,94,39,10.85
501,Camacari,BR,2022-05-18 23:37:49,-12.6975,-38.3242,82.17,95,85,0.78
502,Dubti,ET,2022-05-18 23:37:49,11.7361,41.0853,87.06,18,92,1.63
503,Bahia Honda,CU,2022-05-18 23:37:49,22.9036,-83.1592,79.54,72,82,7.76
504,Ust-Omchug,RU,2022-05-18 23:37:50,61.15,149.6333,35.62,70,100,2.91
505,Fare,PF,2022-05-18 23:37:50,-16.7,-151.0167,80.85,73,99,10.6
506,Qostanay,KZ,2022-05-18 23:37:50,53.1667,63.5833,44.89,87,40,13.42
507,Los Alamos,US,2022-05-18 23:37:51,35.8881,-106.307,83.93,9,0,20.71
508,Usvyaty,RU,2022-05-18 23:38:51,55.7456,30.7533,39.83,83,36,6.35
509,Gavle,SE,2022-05-18 23:38:51,60.6745,17.1417,55.38,41,100,1.01
510,Port Hardy,CA,2022-05-18 23:38:52,50.6996,-127.4199,50.18,81,100,10.36
511,Yamada,JP,2022-05-18 23:38:52,39.4667,141.95,68.13,41,1,7.56
512,Sarkand,KZ,2022-05-18 23:38:52,45.41,79.9186,62.17,59,87,4.41
513,Ewa Beach,US,2022-05-18 23:38:52,21.3156,-158.0072,80.55,77,75,13.8
514,Okhotsk,RU,2022-05-18 23:38:53,59.3833,143.3,39.4,79,92,3.42
515,Remontnoye,RU,2022-05-18 23:38:53,46.5614,43.6501,52.95,91,100,10.56
516,Tyret Pervaya,RU,2022-05-18 23:38:54,53.6703,102.3106,65.41,52,43,7.4
517,Kholodnyy,RU,2022-05-18 23:38:54,62.7167,147.95,36.37,59,20,2.53
518,Port Moresby,PG,2022-05-18 23:38:54,-9.4431,147.1797,83.62,70,20,3.44
519,Lufilufi,WS,2022-05-18 23:38:55,-13.8745,-171.5986,89.38,78,68,16.71
520,Tsaratanana,MG,2022-05-18 23:38:55,-16.7833,47.65,62.49,80,9,10.54
521,Riyadh,SA,2022-05-18 23:35:58,24.6877,46.7219,86.14,16,0,8.68
522,Cornwall,CA,2022-05-18 23:37:13,45.0181,-74.7281,60.91,41,0,11.5
523,Emba,KZ,2022-05-18 23:38:56,48.8264,58.1442,50.49,57,94,11.88
524,Urengoy,RU,2022-05-18 23:38:57,65.9667,78.3667,43.27,69,98,10.31
525,Nhulunbuy,AU,2022-05-18 23:38:57,-12.2333,136.7667,83.01,74,33,5.75
526,Yekaterinovka,RU,2022-05-18 23:38:57,52.0508,44.3451,44.37,91,27,4.38
527,Mossendjo,CG,2022-05-18 23:38:57,-2.9506,12.7261,70.12,99,93,3.0
528,Barkhan,PK,2022-05-18 23:38:58,29.8977,69.5256,79.07,19,0,6.08
529,Natubleng,PH,2022-05-18 23:38:58,16.6965,120.7805,53.87,93,100,3.24
530,Nortelandia,BR,2022-05-18 23:38:58,-14.4547,-56.8028,54.28,44,28,2.08
531,Alta Floresta,BR,2022-05-18 23:38:59,-9.8756,-56.0861,64.24,56,81,4.21
532,Shache,CN,2022-05-18 23:38:59,38.4167,77.2406,67.71,21,53,5.46
533,Ebensee,AT,2022-05-18 23:38:59,47.8072,13.779,53.71,90,9,5.21
534,Fallon,US,2022-05-18 23:39:00,39.4735,-118.7774,88.92,9,75,5.75
535,Kurilsk,RU,2022-05-18 23:39:00,45.2333,147.8833,49.64,80,38,9.24
536,Gander,CA,2022-05-18 23:36:58,48.9682,-54.5906,59.13,67,20,11.5
537,Fonte Boa,BR,2022-05-18 23:39:00,-2.4959,-66.2662,71.89,99,100,1.79
538,Manzhouli,CN,2022-05-18 23:39:01,49.6,117.4333,64.45,32,36,10.04
539,Rocha,UY,2022-05-18 23:39:01,-34.4833,-54.3333,54.34,77,84,10.58
540,Sorland,NO,2022-05-18 23:39:01,67.667,12.6934,42.66,81,10,12.48
541,Savannah Bight,HN,2022-05-18 23:39:02,16.45,-85.85,82.58,79,65,15.48
542,Natal,BR,2022-05-18 23:39:02,-5.795,-35.2094,79.02,94,20,3.44
543,Sonoita,MX,2022-05-18 23:39:03,31.85,-112.8333,86.85,26,0,17.11
544,Buala,SB,2022-05-18 23:35:58,-8.145,159.5921,85.53,65,1,1.74
545,La Ronge,CA,2022-05-18 23:39:03,55.1001,-105.2842,59.25,25,75,10.36
546,Bay Roberts,CA,2022-05-18 23:39:03,47.5999,-53.2648,56.95,89,18,8.84
547,Cervo,ES,2022-05-18 23:39:04,43.6702,-7.4101,58.96,84,86,0.89
